{
    "m_objectType": "WALL",
    "m_id": 0
}
~
{
    "m_location": {
        "x": 16.51788330078125,
        "y": 42.17273712158203,
        "z": -10.512334823608399
    },
    "m_rotation": {
        "x": 0.0,
        "y": 0.0,
        "z": 0.0
    },
    "m_scale": {
        "x": 1.0,
        "y": 1.0,
        "z": 1.0
    }
}
~
{
    "m_wallType": "NORMAL",
    "m_textureId": 1
}
={
    "m_objectType": "WALL",
    "m_id": 1
}
~
{
    "m_location": {
        "x": 16.51788330078125,
        "y": 42.17273712158203,
        "z": -7.74645471572876
    },
    "m_rotation": {
        "x": 0.0,
        "y": 0.0,
        "z": 0.0
    },
    "m_scale": {
        "x": 1.0,
        "y": 1.0,
        "z": 1.0
    }
}
~
{
    "m_wallType": "NORMAL",
    "m_textureId": 2
}
={
    "m_objectType": "WALL",
    "m_id": 2
}
~
{
    "m_location": {
        "x": 16.51788330078125,
        "y": 42.17273712158203,
        "z": -4.947865962982178
    },
    "m_rotation": {
        "x": 0.0,
        "y": 0.0,
        "z": 0.0
    },
    "m_scale": {
        "x": 1.0,
        "y": 1.0,
        "z": 1.0
    }
}
~
{
    "m_wallType": "NORMAL",
    "m_textureId": 0
}
={
    "m_objectType": "FLOOR",
    "m_id": 3
}
~
{
    "m_location": {
        "x": 16.51788330078125,
        "y": 46.35150146484375,
        "z": -11.430830955505371
    },
    "m_rotation": {
        "x": 0.0,
        "y": 0.0,
        "z": 0.0
    },
    "m_scale": {
        "x": 1.0,
        "y": 1.0,
        "z": 1.0
    }
}
~
{
    "m_floorType": "NORMAL",
    "m_textureId": 0
}
={
    "m_objectType": "FLOOR",
    "m_id": 4
}
~
{
    "m_location": {
        "x": 16.51788330078125,
        "y": 46.35150146484375,
        "z": -5.691117763519287
    },
    "m_rotation": {
        "x": 0.0,
        "y": 0.0,
        "z": 0.0
    },
    "m_scale": {
        "x": 1.0,
        "y": 1.0,
        "z": 1.0
    }
}
~
{
    "m_floorType": "NORMAL",
    "m_textureId": 1
}
={
    "m_objectType": "ENEMY",
    "m_id": 5
}
~
{
    "m_location": {
        "x": 16.51788330078125,
        "y": 46.35150146484375,
        "z": -8.194860458374024
    },
    "m_rotation": {
        "x": 0.0,
        "y": 0.0,
        "z": 0.0
    },
    "m_scale": {
        "x": 1.0,
        "y": 1.0,
        "z": 1.0
    }
}
~
{
    "m_enemyType": "FAST",
    "m_enemyHealth": 111,
    "m_enemyTypeIndex": 2
}
={
    "m_objectType": "PICKUP",
    "m_id": 6
}
~
{
    "m_location": {
        "x": 16.51788330078125,
        "y": 46.35150146484375,
        "z": -9.920620918273926
    },
    "m_rotation": {
        "x": 0.0,
        "y": 0.0,
        "z": 0.0
    },
    "m_scale": {
        "x": 1.0,
        "y": 1.0,
        "z": 1.0
    }
}
~
{
    "m_pickupType": "HOSTAGE",
    "m_pickupIndex": 4,
    "m_scoreAmount": 503,
    "m_lifeCount": 1,
    "m_ammoAmount": 10
}
=