{
    "m_objectType": "WALL",
    "m_id": 0
}
~
{
    "m_location": {
        "x": 16.51788330078125,
        "y": 42.17273712158203,
        "z": -7.305385112762451
    },
    "m_rotation": {
        "x": 0.0,
        "y": 0.0,
        "z": 0.0
    },
    "m_scale": {
        "x": 1.0,
        "y": 1.0,
        "z": 1.0
    }
}
~
{
    "m_wallType": "NORMAL"
}
={
    "m_objectType": "WALL",
    "m_id": 1
}
~
{
    "m_location": {
        "x": 16.51788330078125,
        "y": 46.77763366699219,
        "z": -12.881229400634766
    },
    "m_rotation": {
        "x": 0.0,
        "y": 0.0,
        "z": 0.0
    },
    "m_scale": {
        "x": 2.0,
        "y": 2.0,
        "z": 2.0
    }
}
~
{
    "m_wallType": "RAMP"
}
=