{
    "m_objectType": "WALL",
    "m_id": 0
}
~
{
    "m_location": {
        "x": 16.51788330078125,
        "y": 42.17273712158203,
        "z": -14.241842269897461
    },
    "m_rotation": {
        "x": 0.0,
        "y": 0.0,
        "z": 0.0
    },
    "m_scale": {
        "x": 1.0,
        "y": 1.0,
        "z": 1.0
    }
}
~
{
    "m_wallType": "NORMAL",
    "m_textureId": 0
}
={
    "m_objectType": "WALL",
    "m_id": 1
}
~
{
    "m_location": {
        "x": 16.51788330078125,
        "y": 42.17273712158203,
        "z": -5.568947792053223
    },
    "m_rotation": {
        "x": 0.0,
        "y": 0.0,
        "z": 0.0
    },
    "m_scale": {
        "x": 1.0,
        "y": 1.0,
        "z": 1.0
    }
}
~
{
    "m_wallType": "RAMP",
    "m_textureId": 1
}
={
    "m_objectType": "WALL",
    "m_id": 2
}
~
{
    "m_location": {
        "x": 15.042004585266114,
        "y": 40.4412956237793,
        "z": -9.800308227539063
    },
    "m_rotation": {
        "x": 0.0,
        "y": 0.0,
        "z": 0.0
    },
    "m_scale": {
        "x": 1.0,
        "y": 1.0,
        "z": 1.0
    }
}
~
{
    "m_wallType": "NORMAL",
    "m_textureId": 2
}
={
    "m_objectType": "FLOOR",
    "m_id": 3
}
~
{
    "m_location": {
        "x": 15.042004585266114,
        "y": 44.28177261352539,
        "z": -9.800308227539063
    },
    "m_rotation": {
        "x": 0.0,
        "y": 270.0,
        "z": 0.0
    },
    "m_scale": {
        "x": 1.0,
        "y": 1.0,
        "z": 1.0
    }
}
~
{
    "m_floorType": "NORMAL",
    "m_textureId": 0
}
={
    "m_objectType": "FLOOR",
    "m_id": 4
}
~
{
    "m_location": {
        "x": 15.042004585266114,
        "y": 44.28177261352539,
        "z": -14.504947662353516
    },
    "m_rotation": {
        "x": 0.0,
        "y": 270.0,
        "z": 0.0
    },
    "m_scale": {
        "x": 1.0,
        "y": 1.0,
        "z": 1.0
    }
}
~
{
    "m_floorType": "RAMP",
    "m_textureId": 1
}
={
    "m_objectType": "FLOOR",
    "m_id": 5
}
~
{
    "m_location": {
        "x": 15.042004585266114,
        "y": 44.28177261352539,
        "z": -4.695485591888428
    },
    "m_rotation": {
        "x": 0.0,
        "y": 270.0,
        "z": 0.0
    },
    "m_scale": {
        "x": 1.0,
        "y": 1.0,
        "z": 1.0
    }
}
~
{
    "m_floorType": "NORMAL",
    "m_textureId": 2
}
=