{
    "m_objectType": "OBSTACLE",
    "m_id": 0
}
~
{
    "m_location": {
        "x": 17.26824951171875,
        "y": 42.17273712158203,
        "z": -10.343160629272461
    },
    "m_rotation": {
        "x": 0.0,
        "y": 0.0,
        "z": 0.0
    },
    "m_scale": {
        "x": 1.0,
        "y": 1.0,
        "z": 1.0
    }
}
~
{
    "m_obstacleType": "SAW"
}
={
    "m_objectType": "PROP",
    "m_id": 1
}
~
{
    "m_location": {
        "x": 17.26824951171875,
        "y": 42.17273712158203,
        "z": -0.8203744888305664
    },
    "m_rotation": {
        "x": 0.0,
        "y": 0.0,
        "z": 0.0
    },
    "m_scale": {
        "x": 1.0,
        "y": 1.0,
        "z": 1.0
    }
}
~
{
    "m_propType": "COMPUTER"
}
=