{
    "m_objectType": "WALL",
    "m_id": 0
}
~
{
    "m_location": {
        "x": 33.10417175292969,
        "y": 42.605506896972659,
        "z": 9.444511413574219
    },
    "m_rotation": {
        "x": 0.0,
        "y": 0.0,
        "z": 0.0
    },
    "m_scale": {
        "x": 1.0,
        "y": 1.0,
        "z": 1.0
    }
}
~
{
    "m_wallType": "NORMAL",
    "m_textureId": 0
}
=