{
    "m_objectType": "OBSTACLE",
    "m_id": 0
}
~
{
    "m_location": {
        "x": 17.26824951171875,
        "y": 42.17273712158203,
        "z": -10.343160629272461
    },
    "m_rotation": {
        "x": 0.0,
        "y": 0.0,
        "z": 0.0
    },
    "m_scale": {
        "x": 1.0,
        "y": 1.0,
        "z": 1.0
    }
}
~
{
    "m_obstacleType": "SAW"
}
={
    "m_objectType": "PROP",
    "m_id": 1
}
~
{
    "m_location": {
        "x": 17.26824951171875,
        "y": 42.17273712158203,
        "z": -0.8203744888305664
    },
    "m_rotation": {
        "x": 0.0,
        "y": 0.0,
        "z": 0.0
    },
    "m_scale": {
        "x": 1.0,
        "y": 1.0,
        "z": 1.0
    }
}
~
{
    "m_propType": "COMPUTER"
}
={
    "m_objectType": "PICKUP",
    "m_id": 2
}
~
{
    "m_location": {
        "x": 16.51788330078125,
        "y": 42.17273712158203,
        "z": -8.173526763916016
    },
    "m_rotation": {
        "x": 0.0,
        "y": 0.0,
        "z": 0.0
    },
    "m_scale": {
        "x": 1.0,
        "y": 1.0,
        "z": 1.0
    }
}
~
{
    "m_pickupType": "SCORE",
    "m_pickupIndex": 1,
    "m_scoreAmount": 321,
    "m_lifeCount": 1,
    "m_ammoAmount": 10
}
={
    "m_objectType": "PICKUP",
    "m_id": 3
}
~
{
    "m_location": {
        "x": 16.51788330078125,
        "y": 42.17273712158203,
        "z": -6.16616678237915
    },
    "m_rotation": {
        "x": 0.0,
        "y": 0.0,
        "z": 0.0
    },
    "m_scale": {
        "x": 1.0,
        "y": 1.0,
        "z": 1.0
    }
}
~
{
    "m_pickupType": "HEALTH",
    "m_pickupIndex": 2,
    "m_scoreAmount": 321,
    "m_lifeCount": 2,
    "m_ammoAmount": 10
}
={
    "m_objectType": "PICKUP",
    "m_id": 4
}
~
{
    "m_location": {
        "x": 12.826227188110352,
        "y": 42.17273712158203,
        "z": -6.16616678237915
    },
    "m_rotation": {
        "x": 0.0,
        "y": 0.0,
        "z": 0.0
    },
    "m_scale": {
        "x": 1.0,
        "y": 1.0,
        "z": 1.0
    }
}
~
{
    "m_pickupType": "AMMO",
    "m_pickupIndex": 3,
    "m_scoreAmount": 321,
    "m_lifeCount": 2,
    "m_ammoAmount": 28
}
={
    "m_objectType": "PICKUP",
    "m_id": 5
}
~
{
    "m_location": {
        "x": 9.055551528930664,
        "y": 42.17273712158203,
        "z": -6.16616678237915
    },
    "m_rotation": {
        "x": 0.0,
        "y": 0.0,
        "z": 0.0
    },
    "m_scale": {
        "x": 1.0,
        "y": 1.0,
        "z": 1.0
    }
}
~
{
    "m_pickupType": "HOSTAGE",
    "m_pickupIndex": 4,
    "m_scoreAmount": 450,
    "m_lifeCount": 2,
    "m_ammoAmount": 28
}
=